<?xml version="1.0"?>
<!--
** DO NOT EDIT THIS FILE.
** If you make changes to this file while any VirtualBox related application
** is running, your changes will be overwritten later, without taking effect.
** Use VBoxManage or the VirtualBox Manager GUI to make changes.
-->
<VirtualBox xmlns="http://www.virtualbox.org/" version="1.12-windows">
  <Global>
    <ExtraData>
      <ExtraDataItem name="GUI/Details/Elements" value="general,system,preview,display,storage,audio,network,usb,sharedFolders,description"/>
      <ExtraDataItem name="GUI/GroupDefinitions/" value="n=GLOBAL,m=fc692fea-5688-4f46-86a2-87da1081c3d9"/>
      <ExtraDataItem name="GUI/GuestControl/FileManagerDialogGeometry" value="480,272,960,515"/>
      <ExtraDataItem name="GUI/GuestControl/FileManagerVisiblePanels" value="SessionPanel"/>
      <ExtraDataItem name="GUI/LastItemSelected" value="n=GLOBAL"/>
      <ExtraDataItem name="GUI/LastWindowPosition" value="-9,-9,1920,1001,max"/>
      <ExtraDataItem name="GUI/RecentFolderCD" value="D:/"/>
      <ExtraDataItem name="GUI/RecentListCD" value="D:\ubuntu-20.04.1-desktop-amd64.iso"/>
      <ExtraDataItem name="GUI/SplitterSizes" value="638,1281"/>
      <ExtraDataItem name="GUI/SuppressMessages" value="confirmPowerOffMachine"/>
      <ExtraDataItem name="GUI/Tools/LastItemsSelected" value="Welcome,Details"/>
      <ExtraDataItem name="GUI/UpdateCheckCount" value="26"/>
      <ExtraDataItem name="GUI/UpdateDate" value="1 d, 2021-05-18, stable, 6.1.16"/>
      <ExtraDataItem name="HostOnly/{9a41d7e9-f231-4649-aa46-def83eed1a98}/IPAddress" value="192.168.56.1"/>
      <ExtraDataItem name="HostOnly/{9a41d7e9-f231-4649-aa46-def83eed1a98}/IPNetMask" value="255.255.255.0"/>
      <ExtraDataItem name="HostOnly/{9a41d7e9-f231-4649-aa46-def83eed1a98}/IPV6Address" value="fe80::d4d5:1b32:2b93:258b"/>
      <ExtraDataItem name="HostOnly/{9a41d7e9-f231-4649-aa46-def83eed1a98}/IPV6PrefixLen" value="64"/>
      <ExtraDataItem name="HostOnly/{9a41d7e9-f231-4649-aa46-def83eed1a98}/Name" value="VirtualBox Host-Only Ethernet Adapter"/>
      <ExtraDataItem name="HostOnly/{d986237c-b460-48a9-ab0a-69b4181c46a6}/IPAddress" value="192.168.167.2"/>
      <ExtraDataItem name="HostOnly/{d986237c-b460-48a9-ab0a-69b4181c46a6}/IPNetMask" value="255.255.255.0"/>
      <ExtraDataItem name="HostOnly/{d986237c-b460-48a9-ab0a-69b4181c46a6}/IPV6Address" value="fe80::cdab:251b:76e0:d20f"/>
      <ExtraDataItem name="HostOnly/{d986237c-b460-48a9-ab0a-69b4181c46a6}/IPV6PrefixLen" value="64"/>
      <ExtraDataItem name="HostOnly/{d986237c-b460-48a9-ab0a-69b4181c46a6}/Name" value="VirtualBox Host-Only Ethernet Adapter #2"/>
    </ExtraData>
    <MachineRegistry>
      <MachineEntry uuid="{fc692fea-5688-4f46-86a2-87da1081c3d9}" src="D:\Virtual Box Images\charan\charan.vbox"/>
      <MachineEntry uuid="{4a3642f6-53fd-4e59-be94-8f6ba891f76e}" src="C:\Users\CHaran\AppData\Local\Genymobile\Genymotion\deployed\Custom Phone\Custom Phone.vbox"/>
    </MachineRegistry>
    <NetserviceRegistry>
      <DHCPServers>
        <DHCPServer networkName="HostInterfaceNetworking-VirtualBox Host-Only Ethernet Adapter" IPAddress="192.168.56.100" networkMask="255.255.255.0" lowerIP="192.168.56.101" upperIP="192.168.56.254" enabled="1"/>
        <DHCPServer networkName="HostInterfaceNetworking-VirtualBox Host-Only Ethernet Adapter #2" IPAddress="192.168.167.100" networkMask="255.255.255.0" lowerIP="192.168.167.101" upperIP="192.168.167.254" enabled="1"/>
      </DHCPServers>
    </NetserviceRegistry>
    <SystemProperties defaultMachineFolder="C:\Users\CHaran\VirtualBox VMs" defaultHardDiskFormat="VDI" VRDEAuthLibrary="VBoxAuth" webServiceAuthLibrary="VBoxAuth" LogHistoryCount="3" proxyMode="0" exclusiveHwVirt="false"/>
    <USBDeviceFilters/>
  </Global>
</VirtualBox>
